wavs/abakuru.wav|abakuru
wavs/aga.wav|aga
wavs/agbaka.wav|agbaka
wavs/aghanghan.wav|aghanghan
wavs/agikpa.wav|agikpa
wavs/agobọ.wav|agobọ
wavs/aguegbero.wav|aguegbero
wavs/ahiọ.wav|ahiọ
wavs/akpakomiza.wav|akpakomiza
wavs/akpọlọkpọlọ.wav|akpọlọkpọlọ
wavs/alagbodẹ.wav|alagbodẹ
wavs/alimoi.wav|alimoi
wavs/alubahra.wav|alubahra
wavs/amẹ odidọn.wav|amẹ odidọn
wavs/amẹ.wav|amẹ
wavs/ameve.wav|ameve
wavs/amivin.wav|amivin
wavs/amọgba.wav|amọgba
wavs/amurhukpa.wav|amurhukpa
wavs/amuro.wav|amuro
wavs/aro.wav|aro
wavs/aroegbe.wav|aroegbe
wavs/arọkpa.wav|arọkpa
wavs/asọn.wav|asọn
wavs/dayọn.wav|dayọn
wavs/dede.wav|dede
wavs/dekaan.wav|dekaan
wavs/dọlọyi.wav|dọlọyi
wavs/dorhie.wav|dorhie
wavs/dunmwun.wav|dunmwun
wavs/ebaan wẹ miẹn mwẹn a.wav|ebaan wẹ miẹn mwẹn a
wavs/ebaan.wav|ebaan
wavs/ebafọ.wav|ebafọ
wavs/ebe na si otọlọ.wav|ebe na si otọlọ
wavs/ebe.wav|ebe
wavs/ebevbarrie.wav|ebevbarrie
wavs/ebi.wav|ebi
wavs/ebiavan.wav|ebiavan
wavs/ebo.wav|ebo
wavs/eboriwo.wav|eboriwo
wavs/ebuka.wav|ebuka
wavs/eda.wav|eda
wavs/edede.wav|edede
wavs/ediran.wav|ediran
wavs/ẹ̀dó.wav|ẹ̀dó
wavs/efiaide.wav|efiaide
wavs/egbalaka.wav|egbalaka
wavs/egbe.wav|egbe
wavs/eghe hia.wav|eghe hia
wavs/eghe.wav|eghe
wavs/ẹghẹso.wav|ẹghẹso
wavs/egwi.wav|egwi
wavs/ehan.wav|ehan
wavs/ekabita.wav|ekabita
wavs/ekhae.wav|ekhae
wavs/enì óghéé òmwán.wav|enì óghéé òmwán
wavs/érhá.wav|érhá
wavs/eva.wav|eva
wavs/evbare.wav|evbare
wavs/èvbèe.wav|èvbèe
wavs/fian.wav|fian
wavs/fingho.wav|fingho
wavs/igho.wav|igho
wavs/igue.wav|igue
wavs/ikian.wav|ikian
wavs/ikoroba.wav|ikoroba
wavs/ikpanro.wav|ikpanro
wavs/ikpedin.wav|ikpedin
wavs/ikpekere.wav|ikpekere
wavs/imina.wav|imina
wavs/imoukhuede.wav|imoukhuede
wavs/inọta.wav|inọta
wavs/inugba.wav|inugba
wavs/isanhẹn.wav|isanhẹn
wavs/ìsélógbé.wav|ìsélógbé
wavs/iso.wav|iso
wavs/italawẹ.wav|italawẹ
wavs/itan.wav|itan
wavs/ivie.wav|ivie
wavs/ivin-eva.wav|ivin-eva
wavs/ivin.wav|ivin
wavs/iwinna.wav|iwinna
wavs/iyabọ.wav|iyabọ
wavs/iyan.wav|iyan
wavs/iyayi.wav|iyayi
wavs/iye-nọkhua.wav|iye-nọkhua
wavs/íyé.wav|íyé
wavs/izẹ.wav|izẹ
wavs/ìzènófua.wav|ìzènófua
wavs/kóyo.wav|kóyo
wavs/mwaan ọnrẹn ne a rẹn vbene ọ tan sẹ hẹẹ.wav|mwaan ọnrẹn ne a rẹn vbene ọ tan sẹ hẹẹ
wavs/mwaan.wav|mwaan
wavs/ọ mwẹẹn emọ eva.wav|ọ mwẹẹn emọ eva
wavs/ọ.wav|ọ
wavs/obalọ.wav|obalọ
wavs/oberhọmwan.wav|oberhọmwan
wavs/obiyọmwan.wav|obiyọmwan
wavs/obọ.wav|obọ
wavs/odaro.wav|odaro
wavs/ode.wav|ode
wavs/odidọn.wav|odidọn
wavs/ọdiọn.wav|ọdiọn
wavs/odiyeke.wav|odiyeke
wavs/odo.wav|odo
wavs/ọdọ.wav|ọdọ
wavs/ọdọlukpọn.wav|ọdọlukpọn
wavs/ofigbọn.wav|ofigbọn
wavs/ọfiontọ.wav|ọfiontọ
wavs/ọfọ.wav|ọfọ
wavs/ọfurre.wav|ọfurre
wavs/ọgbalama.wav|ọgbalama
wavs/ogbigbi.wav|ogbigbi
wavs/ọgbọn.wav|ọgbọn
wavs/ọghae.wav|ọghae
wavs/oghogho.wav|oghogho
wavs/oghọghọ.wav|oghọghọ
wavs/ogiasọn.wav|ogiasọn
wavs/ogiavan.wav|ogiavan
wavs/ogieva.wav|ogieva
wavs/ọgọ.wav|ọgọ
wavs/oha.wav|oha
wavs/ohan.wav|ohan
wavs/ohoghe.wav|ohoghe
wavs/ohu.wav|ohu
wavs/ọka.wav|ọka
wavs/okaro.wav|okaro
wavs/okha.wav|okha
wavs/òkhíen òwie.wav|òkhíen òwie
wavs/okhokho.wav|okhokho
wavs/okhuakhua.wav|okhuakhua
wavs/okhuò.wav|okhuò
wavs/òkhùo.wav|òkhùo
wavs/okieke.wav|okieke
wavs/okoro.wav|okoro
wavs/ọkpa.wav|ọkpa
wavs/ọkpan.wav|ọkpan
wavs/ọkpankpan.wav|ọkpankpan
wavs/okpemwin.wav|okpemwin
wavs/òkpia.wav|òkpia
wavs/okpiọba.wav|okpiọba
wavs/okuo.wav|okuo
wavs/okuta.wav|okuta
wavs/olaga.wav|olaga
wavs/olighi.wav|olighi
wavs/oliha.wav|oliha
wavs/olọ.wav|olọ
wavs/ologbo.wav|ologbo
wavs/oloi.wav|oloi
wavs/ọmọ.wav|ọmọ
wavs/ọmọmọ.wav|ọmọmọ
wavs/ọmotọ.wav|ọmotọ
wavs/onurho.wav|onurho
wavs/ọpia.wav|ọpia
wavs/ore.wav|ore
wavs/ọrhiae.wav|ọrhiae
wavs/orhiọn nọhuanrẹn.wav|orhiọn nọhuanrẹn
wavs/orhiọn.wav|orhiọn
wavs/orhue.wav|orhue
wavs/ori.wav|ori
wavs/orrirri.wav|orrirri
wavs/osarenkhoe.wav|osarenkhoe
wavs/ọse.wav|ọse
wavs/osisi.wav|osisi
wavs/osọnnọ.wav|osọnnọ
wavs/ota.wav|ota
wavs/òtén.wav|òtén
wavs/òténmwén.wav|òténmwén
wavs/otiku.wav|otiku
wavs/otọlọ.wav|otọlọ
wavs/otoro.wav|otoro
wavs/ototọ.wav|ototọ
wavs/ovbe hun mwẹn.wav|ovbe hun mwẹn
wavs/ovbe.wav|ovbe
wavs/ovbi-aleke.wav|ovbi-aleke
wavs/ovbi-odo.wav|ovbi-odo
wavs/ovbiọha.wav|ovbiọha
wavs/owa.wav|owa
wavs/owebe.wav|owebe
wavs/owo.wav|owo
wavs/owọkhọnwọn.wav|owọkhọnwọn
wavs/owọrọ.wav|owọrọ
wavs/oya.wav|oya
wavs/oyiya.wav|oyiya
wavs/ozi.wav|ozi
wavs/ozikpalọ.wav|ozikpalọ
wavs/ọzuọ.wav|ọzuọ
wavs/sikẹ odaro.wav|sikẹ odaro
wavs/ù rú èsé.wav|ù rú èsé
wavs/ukoni.wav|ukoni
wavs/úkpú.wav|úkpú
wavs/urho.wav|urho
wavs/uzọla.wav|uzọla
wavs/vbè á tíe rue.wav|vbè á tíe rue
wavs/vbè ore 'nì rue.wav|vbè ore 'nì rue
wavs/vbèè óye hé.wav|vbèè óye hé
wavs/wii.wav|wii
wavs/winna.wav|winna
wavs/wio.wav|wio
wavs/wọn.wav|wọn
wavs/wua.wav|wua
wavs/wuo.wav|wuo
wavs/zozo.wav|zozo
